tract;patch;rall;decll;raur;decur
453;11;6.253074548158283;-72.81973299217591;6.9093811261671165;-72.624795682052
453;12;5.694905717970651;-72.82354813748684;6.345659258243773;-72.63032151429513
453;13;5.136531892366915;-72.82579580240836;5.781602111754037;-72.63429933938386
453;14;4.577662400535334;-72.82647521888974;5.217318797583738;-72.63672782328904
453;20;6.790768736877974;-72.64782611754204;7.4461592945664385;-72.45126567945054
453;21;6.238027574191358;-72.65315285325612;6.888093156145095;-72.45826652598114
453;22;5.684984144045776;-72.65692927856325;6.329595250362635;-72.46373673179824
453;23;5.131741317219541;-72.65915412417058;5.770771311765735;-72.4676744927047
453;24;4.57801282654719;-72.65982664178226;5.211727446407932;-72.47007850858134
453;25;4.018855411570518;-72.65982667628441;4.652570011312717;-72.47007796288396
453;30;6.770971671093594;-72.481289857517;7.420146230509134;-72.28479890333556
453;31;6.223254511925009;-72.48656291943827;6.867196450623838;-72.29172978282627
453;32;5.675243261410585;-72.49030127325138;6.313826691199798;-72.29714528182987
453;33;5.127038010939003;-72.49250368197313;5.760139807964576;-72.30104364152564
453;34;4.578356801818048;-72.49316941636752;5.206239011399488;-72.30342359452511
453;35;4.024345561614509;-72.49316945052169;4.652227751627811;-72.30342305429052
453;36;3.4704448191280455;-72.49250320383749;4.103548463559469;-72.3010425949991
453;40;6.751531516351422;-72.31474576452267;7.394606529370499;-72.11832627425743
453;41;6.208747951393154;-72.31996604135503;6.846680326308645;-72.12518832995423
453;42;5.6656781790424;-72.32366695462055;6.298345506526275;-72.13055001715524
453;43;5.122419610474217;-72.32584729852054;5.749702150375452;-72.13440962085514
453;44;4.578694502843981;-72.32650636221432;5.200850677107395;-72.1367659052687
453;45;4.029735579669128;-72.32650639602628;4.651891734894886;-72.13676537040747
453;46;3.4808841590140354;-72.32584682517566;4.1081685134867465;-72.13440858473494
453;50;6.73243871138928;-72.14819671245952;7.369527396764248;-71.95185069803316
453;51;6.194500747450722;-72.1533650690974;6.826534485141521;-71.95864504293618
453;52;5.65628418084355;-72.15702915583893;6.283143913585453;-71.96395378963079
453;53;5.117883837323657;-72.15918779699408;5.739453085917241;-71.96777526543394
453;54;4.579026099740538;-72.15984029948288;5.19555972984442;-71.97010826508534
453;55;4.035028180269095;-72.15984033295823;4.651561791846848;-71.9701077355103
453;56;3.491134875396055;-72.1591873283614;4.1127059065938845;-71.96777423955139
453;60;6.713684033285228;-71.98164557359108;7.344896494927331;-71.78537507740967
453;61;6.180506008050193;-71.98676285197875;6.806748997100261;-71.79210279535249
453;62;5.647056717891484;-71.99039070990854;6.268214408062377;-71.79735944996986
453;63;5.1134284937878824;-71.9925280007706;5.729387549591658;-71.8011434094722
453;64;4.579351756528496;-71.99317404863808;5.190363553131098;-71.80345349809265
453;65;4.040225980711177;-71.99317408178224;4.651237759280993;-71.80345297371886
453;70;6.695258582629409;-71.81509521834347;7.320701922544863;-71.61890231191133
453;71;6.166757083136661;-71.82016223829665;6.787314283910693;-71.62556445859293
453;72;5.6379914010970005;-71.82375444940038;6.253549751744799;-71.63076984750563
453;73;5.1090514594189065;-71.82587073314087;5.719500656141487;-71.63451688638575
453;74;4.579671631404374;-71.82651043016337;5.185259623381305;-71.63680442797234
453;75;4.045331505369725;-71.82651046298169;4.650919479789786;-71.6368039087172
453;80;6.677153769468868;-71.64854851510096;7.296932195633752;-71.45243529768058
453;81;6.153247554121524;-71.65356607509202;6.76822110361595;-71.45903290165248
453;82;5.629083994246394;-71.65712320618766;6.239142960835374;-71.46418782995173
453;83;5.104750687655685;-71.65921881702786;5.709787692148463;-71.46789852853105
453;84;4.579985876996691;-71.65985226427429;5.18024550581657;-71.47016387768979
454;19;6.37330717907871;-72.81434961455415;7.035035328040322;-72.61772107900164
454;27;7.516372369615956;-72.6569282782092;8.16098531535372;-72.46373516363238
454;28;6.957874590163514;-72.65315133589154;7.607941968840169;-72.45826444727317
454;29;6.399808613241907;-72.6478240836767;7.055200924026109;-72.45126309088566
454;37;7.53214263980569;-72.4903002829843;8.170727876436045;-72.2971437293517
454;38;6.978773003260928;-72.48656141736757;7.622716707290614;-72.29172772490101
454;39;6.425823380468545;-72.48128784413952;7.074999662807364;-72.28479634063116
454;47;7.5476255043779314;-72.3236659742733;8.180294606979825;-72.13054848010798
454;48;6.999290804148636;-72.31996455432491;7.63722491381592;-72.12518629247184
454;49;6.451364753931427;-72.31474377129392;7.094441460469682;-72.11832373699124
454;56;8.106519490780675;-72.1591873283614;8.728090521978505;-71.96777423955139
454;57;7.562828746930176;-72.15702818524869;8.189690223894113;-71.96395226776447
454;58;7.019438291719943;-72.15336359686123;7.651473734369102;-71.95864302556583
454;59;6.476445528845522;-72.14819473904963;7.113535879077898;-71.95184818579408
454;67;7.577759872588678;-71.99038974891694;8.198919276884071;-71.797357943041
454;68;7.039225396802899;-71.98676139429654;7.6654700617767695;-71.79210079777205
454;69;6.501078043772778;-71.98164361967876;7.132292142328575;-71.78537258979738
454;77;7.592426120348028;-71.82375349785322;8.207986155794124;-71.63076835527717
454;78;7.058661698449221;-71.82016079493467;7.67922054684566;-71.62556248048864
454;79;6.525274200799168;-71.81509328361597;7.1507191503786505;-71.61889984853586
454;89;6.549045484652101;-71.6485465992536;7.168825493902966;-71.45243285816201
2234;72;59.36221789904939;-49.511403064080895;59.655013370135784;-49.32093353740538
2234;73;59.106531412042585;-49.5122168904067;59.3983582290325;-49.322381047337245
2234;74;58.85076911378524;-49.512462873385815;59.14168179863309;-49.3232646229925
2234;75;58.59408169675739;-49.512462886005274;58.88499437965896;-49.32326442243756
2234;76;58.3374052717384;-49.512216713737;58.629232413583;-49.3223806587845
2234;81;59.615336030685725;-49.343377725269974;59.90807663114386;-49.15230126662787
2234;82;59.36053798143253;-49.34475113822547;59.652328210251376;-49.15430063744974
2234;83;59.10572044610992;-49.34556015387249;59.39654852657781;-49.15573957273062
2234;84;58.850827646941774;-49.345804682769106;59.14074777075108;-49.156617914079426
2234;85;58.59501601655544;-49.34580469531397;58.88493613843831;-49.15661771471258
2234;86;58.33921526605427;-49.34555997824714;58.630043669188055;-49.15573918647962
2234;87;58.08343559110403;-49.34475077444929;58.375226138681704;-49.154300064357095
2234;90;59.86671054455324;-49.17481599682322;60.159378748134294;-48.98314723972102
2234;91;59.61280462459125;-49.176742180737925;59.90454054036918;-48.98569163690995
2234;92;59.35886944367905;-49.17810745999631;59.649661307833476;-48.987679141939395
2234;93;59.104914974019884;-49.17891168423723;59.394751130262236;-48.98910953688782
2234;94;58.85088578203386;-49.17915476487725;59.13982009473779;-48.98998266488342
2234;95;58.595943982499676;-49.17915477734781;58.88487829329676;-48.98998246669996
2234;96;58.341012952246665;-49.17891150965204;58.6308494289882;-48.989109152929345
2234;97;58.08610278331004;-49.178107098374596;58.376894964096515;-48.987678572248036
2235;99;59.84053631375607;-49.17481526126851;60.13320482612667;-48.98314629877164
2393;0;58.072246602875914;-49.187121444062825;58.3648903883026;-48.99545047189305
2393;10;58.06894837955237;-49.02050940274279;58.36061062958883;-48.82884202226362
2393;20;58.06567185908221;-48.85388580347193;58.35635913211035;-48.66222514964256
2393;30;58.06241682797658;-48.68725346529848;58.352135616901656;-48.49560267427326
2393;40;58.05918307553729;-48.52061520813589;58.34793980865611;-48.328977416932496
2393;50;58.055970393811414;-48.353973852477395;58.343771435666206;-48.16235219864479
2394;2;59.75938009596707;-49.19041405259973;60.05019016984527;-48.999984731376216
2394;3;59.50535191814037;-49.191218556714304;59.7952275958508;-49.001415870441726
2394;4;59.25125043344354;-49.191461721949;59.54024415103673;-49.002289452677374
2394;5;58.99625621797932;-49.19146173442392;59.285249933664495;-49.00228925439082
2394;6;58.741272778439935;-49.191218382068364;59.031148769546284;-49.001415486283506
2394;7;58.48631021308541;-49.19041369085216;58.77712059649122;-48.9999841613885
2394;8;58.231378615216045;-49.18904774942627;58.52311173231065;-48.99799543673474
2394;9;57.976488070776114;-49.18712070825216;58.26913215788803;-48.99544953045427
2394;11;60.01092898094802;-49.02242511538624;60.30168611887518;-48.83137298851519
2394;12;59.757758633773086;-49.023782972116955;60.047599013502456;-48.833350001306314
2394;13;59.504569171637144;-49.02458282389237;59.79348125078638;-48.834772844551495
2394;14;59.25130691730083;-49.02482458290589;59.539342824057016;-48.83564136270097
2394;15;58.99715782665508;-49.024824595308665;59.285193731522156;-48.83564116556388
2394;16;58.743019405148125;-49.02458265025639;59.03193179564221;-48.834772462620194
2394;17;58.48890165098641;-49.0237826124613;58.778742338230785;-48.83334943462254
2394;18;58.234814557498225;-49.02242456975038;58.52557199907549;-48.83137223714091
2394;19;57.98076811077695;-49.0205086711866;58.272430660564446;-48.82884108628092
2394;21;60.00848518293401;-48.85579041521399;60.2982731493593;-48.66474141530285
2394;22;59.756147843504266;-48.85714040311839;60.0450249732261;-48.666706944006705
2394;23;59.50379157719862;-48.85793561952743;59.791746442488915;-48.668121521675566
2394;24;59.25136302798123;-48.858175977450486;59.53844745182154;-48.668984994204536
2394;25;58.99805347872561;-48.85817598978136;59.285137900695474;-48.66898479821272
2394;26;58.74475449322907;-48.85793544689773;59.03270966783323;-48.66812114196302
2394;27;58.491475970961766;-48.857140045547006;58.78035340620562;-48.6667063806148
2394;28;58.238227806595766;-48.85578987274002;58.528016074716575;-48.66474066829297
2394;29;57.98501988768688;-48.853885076154704;58.2757074585504;-48.662224219096046
2394;31;60.006057414924584;-48.68914701660158;60.29488264713205;-48.49810429288448
2394;32;59.75454762015002;-48.690489164369275;60.04246787999271;-48.500058379344104
2394;33;59.50301908412531;-48.691279762315496;59.79002305701604;-48.501464721561426
2394;34;59.25141876917081;-48.69151872425782;59.53755797551373;-48.50232316686278
2394;35;58.99894323302588;-48.6915187365171;59.28508243751676;-48.502322972012045
2394;36;58.746478156643484;-48.69127959068841;59.0334824368369;-48.501464344059556
2394;37;58.49403334205333;-48.69048880887454;58.781953905444354;-48.500057819232104
2394;38;58.241618586565366;-48.68914647727796;58.53044411853259;-48.49810355022312
2394;39;57.98924368048977;-48.68725274220475;58.278962765352794;-48.49560174914315
2394;42;59.75295786007308;-48.523832075509574;60.03992756699685;-48.333407127731356
2394;43;59.50225164238081;-48.52461807182961;59.78831098192086;-48.334805264506734
2394;44;59.25147414450728;-48.52485564288068;59.536674337089075;-48.335658700902925
2394;45;58.999827147618525;-48.52485565506859;59.28502733836647;-48.33565850718915
2394;46;58.74819050785644;-48.52461790120148;59.03425015270753;-48.33480488920751
2394;47;58.49657393108468;-48.52383172208395;58.78354393960212;-48.33340657088727
2394;48;58.24498711852425;-48.522497203117815;58.53285628773956;-48.33146370350406
2394;49;57.993439764510214;-48.5206144892503;58.282196791687646;-48.328976497199065
2394;52;59.751378460986956;-48.35717195676824;60.037403869614856;-48.16675600984141
2394;53;59.5014892025809;-48.35795336823398;59.78661010622756;-48.168145971073216
2394;54;59.251529157580705;-48.35818955346375;59.53579647926244;-48.168994416818734
2394;55;59.00070527980658;-48.35818956558058;59.28497259967241;-48.16899422423777
2394;56;58.74989165786158;-48.35795319860117;59.035012864846905;-48.1681455979686
2394;57;58.49909790269729;-48.357171605404176;58.78512361098304;-48.16675545625337
2394;58;58.2483336206979;-48.35584487059823;58.535252737504614;-48.16482394896314
2394;64;59.251583811934374;-48.19152327645704;59.53492434549584;-48.00233313508392
2394;65;59.00157768614572;-48.19152328850302;59.28491821790899;-48.002332943631615
2394;66;58.75158171620541;-48.19128830335641;59.035770622015065;-48.00148929088219
2394;67;58.50160541938619;-48.19051127936662;58.78669302056214;-48.00010729597719
2394;68;58.25165830846751;-48.18919230035666;58.537633620979314;-47.99818710739627
4016;41;39.999370624666504;-35.13495949995607;40.23168739044969;-34.94473779418258
4016;42;39.796053845810675;-35.13578959674962;40.02791857745739;-34.945945925419565
4016;43;39.5927271671679;-35.13627856246159;39.824133954057906;-34.94681539113079
4016;44;39.38936431980675;-35.13642635371153;39.62033867471504;-34.94734611433921
4016;50;40.20104979443494;-34.96713849906511;40.43333572011976;-34.77655192885304
4016;51;39.99816047052274;-34.96830244130206;40.23000206805903;-34.778089042035354
4016;52;39.795256218877924;-34.96912742621223;40.02664758114138;-34.77928969263747
4016;53;39.592342127588424;-34.96961338073841;39.82327738007825;-34.780153774563175
4016;54;39.389392024030286;-34.96976026184203;39.61989658795598;-34.780681211444794
4016;60;40.199433775128405;-34.80048844319857;40.43124471991265;-34.60991572559017
4016;61;39.996955217420165;-34.80164518304176;40.22832358612448;-34.611443275189146
4016;62;39.79446182247628;-34.802465062879406;40.02538174406043;-34.61263645535645
4016;63;39.59195864754378;-34.80294801023235;39.82242428333268;-34.61349516083916
4016;64;39.389419615783396;-34.80309398240254;39.61945629590441;-34.6140193158766
4016;65;39.18644619616532;-34.80309398989122;39.416482875324064;-34.614019196904025
4016;70;40.19782428680538;-34.63384099816578;40.42916218858973;-34.44328531401637
4016;71;39.99575483564672;-34.634990545409444;40.226651903086776;-34.44480331333608
4016;72;39.793670637019346;-34.63580532711816;40.02412103486577;-34.44598903346372
4016;73;39.591576717578185;-34.63628527138857;39.8215746426909;-34.44684236998631
4016;74;39.38944709574959;-34.63643033586185;39.61901778765373;-34.44736324774785
4016;75;39.18688484146736;-34.63643034330397;39.41645553241504;-34.44736312951915
4016;80;40.19622128995677;-34.467198983745504;40.42708807480991;-34.276663512980875
4016;81;39.994559295729985;-34.46834134837158;40.22498697772262;-34.27817197557564
4016;82;39.7928826430788;-34.46915103902801;40.02286542246212;-34.279350246254175
4016;83;39.59119632831219;-34.46962798438495;39.820728437193445;-34.28019822144019
4016;84;39.389474464606835;-34.46977214242151;39.618581052385565;-34.28071582657996
4016;85;39.18732171323275;-34.469772149817125;39.416428300060815;-34.280715709094075
4016;90;40.194624745391465;-34.30056521916194;40.425022327646296;-34.11005314045362
4016;91;39.99336856843481;-34.30170041134045;40.223328769141204;-34.1115520801285
4016;92;39.79209782138267;-34.302505018154505;40.02161487600508;-34.1127229121443
4016;93;39.59081747044187;-34.30297896884561;39.819885646050004;-34.1135655337582
4016;94;39.38950172302764;-34.30312222172941;39.61814607936883;-34.114079871016294
4016;95;39.18775682219596;-34.30312222907859;39.41640117759221;-34.11407975427218
4017;58;40.36694507567441;-34.96830210979048;40.59878682230605;-34.77808858571598
4017;59;40.16361143141217;-34.96713805458327;40.39589750421792;-34.77655136040046
4017;67;40.57156553114693;-34.80246484571962;40.802485603188096;-34.6126361133519
4017;68;40.368623695137835;-34.80164485358158;40.59999221234751;-34.611442821708934
4017;69;40.16570256910081;-34.800488001467116;40.39751366042805;-34.60991516067432
4017;77;40.57282637735039;-34.635805111308734;40.80327692505537;-34.44598869359748
4017;78;40.370295515147596;-34.63499021799787;40.60119273050645;-34.44480286269111
4017;79;40.16778523734878;-34.633840559180975;40.3991232851015;-34.44328475263233
4017;87;40.574082126209035;-34.46915082456702;40.80406505485604;-34.279349908523244
4017;88;40.37196057693037;-34.46834102300578;40.602388406258676;-34.27817152776186
4017;89;40.169859487500574;-34.46719854750353;40.40072641775089;-34.276662955123605
4017;97;40.57533280857065;-34.3025048050401;40.804850011865405;-34.112722576545565
4017;98;40.37361892138024;-34.30170008801751;40.603579268842665;-34.111551635141794
4017;99;40.17192537048641;-34.30056478565891;40.40232309757054;-34.110052586118044
4217;0;39.61531845952506;-34.3128712171467;39.84567236895299;-34.1223577800595
4217;1;39.414024313197835;-34.314006835183896;39.64395795670261;-34.12385754258475
4217;2;39.21271558852593;-34.314811743842675;39.44222320351164;-34.12502901736375
4217;10;39.61378721774485;-34.14624982430844;39.84369147053033;-33.955733958001524
4217;11;39.41288229006196;-34.14737845066511;39.64236785825022;-33.95722443341903
4217;12;39.21196286844823;-34.14817840361832;39.441024023053664;-33.958388653753445
4217;20;39.61226188670035;-33.979616948564185;39.841718234355696;-33.78910183588865
4217;21;39.41174467561309;-33.98073859057104;39.64078391109777;-33.79058303424123
4218;4;40.5747505477073;-34.31542917896025;40.80341855639191;-34.126386721210785
4218;5;40.372984777197914;-34.31542918631219;40.60165278493729;-34.126386604402576
4218;6;40.17122434510769;-34.315285769409556;40.40030034419446;-34.1258718752702
4218;7;39.96947425461897;-34.314811530648306;40.19898201257099;-34.12502868158075
4218;8;39.76773950737557;-34.314006511739656;39.99767329193075;-34.12385709735376
4218;9;39.56602510273883;-34.31287078348105;39.796379151291305;-34.122357225419634
4218;15;40.37340201396841;-34.14879204452268;40.6016267765312;-33.95973783359104
4218;16;40.172032648891715;-34.14864951063617;40.400663835360355;-33.95922629207971
4218;17;39.9706735653994;-34.14817819173656;40.19973486242723;-33.95838832004985
4218;18;39.76932973611589;-34.14737812921227;39.99881544482186;-33.95722399094516
4218;19;39.56800613140523;-34.14624939331269;39.797910522793785;-33.955733406796135
4218;26;40.17283782527769;-33.98200178454593;40.40102592316512;-33.79257243237176
4218;27;39.971868236235146;-33.98153338244536;40.20048480579454;-33.7917396763518
4218;28;39.77091381305246;-33.980738271107484;39.999953188525126;-33.79058259452145
4218;29;39.569979497320126;-33.97961652023558;39.79943598306001;-33.78910128811403
4848;60;52.89656013419325;-28.85061568620981;53.11353453701907;-28.660395543265558
4848;61;52.70664387131572;-28.851532556167275;52.92329073609972;-28.661605401364312
4848;70;52.89536126935006;-28.683966279322153;53.11198475868267;-28.49376189704638
4848;71;52.70574974818381;-28.68487682732508;52.92204672004672;-28.494963355395477
4848;72;52.51612604277809;-28.685522207137584;52.73209169981323;-28.495901817433275
4848;73;52.3264943062308;-28.685902364717457;52.54212387194761;-28.496577204703794
4848;80;52.894166246114715;-28.51732231375596;53.1104399548866;-28.32713687898308
4848;81;52.70485849036937;-28.51822654503428;52.92080669748636;-28.32832994487165
4848;82;52.51553860885713;-28.518867447600037;52.731156540122356;-28.329261851401387
4848;83;52.326210734747775;-28.519244967854995;52.541493636701404;-28.329932520765173
4848;90;52.892975046052904;-28.350686608657337;53.10890010172029;-28.160523306917323
4848;91;52.7039700841215;-28.35158452866371;52.91957064922091;-28.16170798793086
4848;92;52.514953054522266;-28.35222095784817;52.73022437786924;-28.162633344879023
4848;93;52.325928070624116;-28.352595843055493;52.540865421641755;-28.163299300602063
4849;66;53.43848884781807;-28.852565130924056;53.65446630869286;-28.663230351323335
4849;67;53.248215117127025;-28.85218224480727;53.46452973478696;-28.662550153731324
4849;68;53.057954257438965;-28.851532295027013;53.274601232206685;-28.661605042197692
4849;69;52.86771046290671;-28.85061533607805;53.08468497410586;-28.660395095836318
4849;75;53.62909767264964;-28.686017274123067;53.84440948773113;-28.49698936716194
4849;76;53.439121214987885;-28.685902282191368;53.65475089352859;-28.49657702341276
4849;77;53.24915339069581;-28.68552203619759;53.46511915896623;-28.49590154844002
4849;78;53.059198375427535;-28.68487656798543;53.27549545693006;-28.494962998722503
4849;79;52.86926034314791;-28.683965931604583;53.08588394051755;-28.493761452723504
4849;85;53.629423043608156;-28.51935908007831;53.844389205802045;-28.33034180403868
4849;86;53.439751551883624;-28.519244885901454;53.65503456630331;-28.329932340740566
4849;87;53.25008865201901;-28.518867277845885;53.46570669416934;-28.329261584287185
4849;88;53.06043849959639;-28.518226287493757;53.2763868160105;-28.32832959069015
4849;89;52.87080524852188;-28.517321968450588;53.087079064996075;-28.327136437763833
4849;94;53.81911928873218;-28.352709152971862;54.03374090683125;-28.1637057995615
4849;95;53.62974737157112;-28.3527091587849;53.84436898888867;-28.163705707294607
4849;96;53.44037986826699;-28.35259576167397;53.65531733139455;-28.163299121842726
4849;97;53.251020915578735;-28.352220789278896;53.46629234946233;-28.162633079642156
4849;98;53.06167464914474;-28.35158427292076;53.27727532320042;-28.161707636238567
4849;99;52.872345202940764;-28.350686265762064;53.08827036597727;-28.160522868798946
5062;0;52.17213136383412;-28.362992700862335;52.3880086582605;-28.17282825294413
5062;10;52.170999517783784;-28.196369457953086;52.38654578887364;-28.00620137966042
5062;20;52.169871112093695;-28.029734741767918;52.3850873732027;-27.839566222170536
5063;0;53.831117538949314;-28.362992700862335;54.0469948333757;-28.17282825294413
5063;1;53.6420826841304;-28.36389100491365;53.857651602149865;-28.174013647817006
5063;2;53.453035755916204;-28.36452770630234;53.668291548398635;-28.17493956238074
5063;3;53.2639808696276;-28.36490275185019;53.47891880700104;-28.175605919415442
5063;4;53.074900269973924;-28.365016110229877;53.28953751449882;-28.176012663339403
5063;5;52.88551456481166;-28.365016116045414;53.10015180855486;-28.176012571016898
5063;6;52.696133274470476;-28.364902670433878;52.911071318581385;-28.17560574054837
5063;7;52.5067605366129;-28.364527537660965;52.72201643425965;-28.17493929698403
5063;8;52.31740048778043;-28.363890749061316;52.532969509384344;-28.174013295912776
5063;10;53.82998569289898;-28.196369457953086;54.045531963988836;-28.00620137966042
5063;11;53.641238544741974;-28.197261591362;53.856477349520155;-28.007378572717975
5063;12;53.452479378239;-28.197893919053545;53.66740598935286;-28.008298080705437
5063;13;53.26371228994951;-28.198266388275464;53.47832199948838;-28.00895982702582
5063;14;53.074919572413634;-28.198378967951314;53.28922949757826;-28.009363756545774
5063;15;52.88582267800015;-28.198378973726903;53.100132602386665;-28.00936366486208
5063;16;52.696730178241204;-28.19826630741841;52.911339994196105;-28.00895964939639
5063;17;52.50764619190059;-28.19789375157061;52.7225729078645;-28.00829781714508
5063;18;52.318574836629566;-28.197261337267186;52.533813744685226;-28.007378223248644
5063;20;53.82885728720889;-28.029734741767918;54.0440735483179;-27.839566222170536
5063;21;53.64039697139127;-28.030620707591837;53.85530667226571;-27.84073521781944
5063;22;53.45192469194294;-28.031248663753825;53.666523126874594;-27.841648322673837
5063;23;53.263444526775615;-28.03161855792684;53.47772700938315;-27.842305460758524
5063;24;53.074938816070535;-28.031730359284925;53.28892241866754;-27.842706577387677
5063;25;52.88612985288566;-28.03173036502055;53.100113454708094;-27.842706486342447
5063;26;52.6973252643114;-28.031618477628786;52.91160785301499;-27.842305284366063
5063;27;52.50852915032775;-28.0312484974288;52.72312768979664;-27.84164806094883
5063;28;52.31974560981059;-28.03062045525368;52.534655413656864;-27.840734870783653
5063;30;53.82773230621773;-27.863091370470364;54.04261956605662;-27.672925599273135
5063;31;53.639557952396004;-27.86397117199368;53.85413955408281;-27.674086402222258
5063;32;53.451371689327125;-27.864594758954617;53.66564294866624;-27.674993107622907
5063;33;53.263177576388216;-27.864962079450503;53.47713382839652;-27.675645640120404
5063;34;53.074958001212735;-27.86507310290547;53.28861627348837;-27.676043945475694
5063;35;52.886436093747776;-27.865073108601212;53.100094365252374;-27.67604385506856
5063;36;52.69791854097124;-27.86496199971117;52.91187489875704;-27.675645464964212
5063;37;52.50940942419333;-27.86459459378683;52.72368078775826;-27.6749928477322
5063;38;52.32091282362851;-27.86397092141122;52.53549452798287;-27.67408605761864
5063;41;53.638721476144575;-27.697315803835455;53.85297597876672;-27.507434945580343
5063;42;53.45082036273739;-27.697935024084863;53.66476544250485;-27.508335255442795
5063;43;53.26291143509217;-27.69829977237034;53.47654244828995;-27.508983185171697
5063;44;53.074977128106724;-27.698410018365504;53.28831105778847;-27.509378680973825
5063;45;52.886741404840144;-27.698410024021346;53.10007533375436;-27.50937859120441
5063;46;52.698510016460595;-27.698299693189373;52.91214113511876;-27.50898301125101
5063;47;52.51028702572164;-27.697934860073694;52.724232209404846;-27.508334997385266
5063;48;52.32207649428947;-27.69731555500772;52.536331099276175;-27.507434603407408
5063;52;53.45027070456588;-27.53127227916536;53.66389059624152;-27.341677586290825
5063;53;53.26264609921465;-27.53163445680202;53.475952860874884;-27.342320916239863
5063;54;53.07499619701736;-27.531743925809455;53.28800676734129;-27.3427136043134
5063;55;52.88704579039061;-27.531743931425442;53.10005635995049;-27.3427135151813
5063;56;52.699099698969306;-27.531634378179117;52.91240656577421;-27.34232074355388
5063;57;52.51116196706281;-27.531272116310095;52.72478196234555;-27.341677330065288
5064;9;53.78704343796667;-28.362992357820414;54.002920834391254;-28.172827814561753
5064;19;53.788506403544204;-28.196369117267558;54.00405277633254;-28.006200944311207
5064;29;53.789964915113124;-28.029734403437633;54.00518127762221;-27.83956578985286
5064;39;53.79141899298104;-27.863091034494072;54.0063063539229;-27.672925169985252
5305;70;94.42497294108287;-25.709005879500634;94.63573616937894;-25.518962400704975
5305;80;94.42394696669965;-25.542361170950137;94.6344104590788;-25.352336156309853
5305;81;94.23954939383174;-25.543156457425084;94.44973465992913;-25.35338482882459
5305;90;94.42292388649446;-25.375724726229535;94.63308849407387;-25.185721363451876
5305;91;94.23878637559154;-25.376514029671593;94.44867351709377;-25.18676208532643
5306;74;95.33010307621824;-25.710810727757195;95.53974370866838;-25.5218008921422
5306;75;95.14512613967335;-25.710810732944537;95.35476677139513;-25.521800809848827
5306;76;94.96015331675363;-25.71070954148808;95.17006642654543;-25.521438173886352
5306;77;94.77518846285975;-25.710374929608072;94.98538938606954;-25.52084412631472
5306;78;94.59023543239564;-25.709806924752943;94.80071976481489;-25.520018715797814
5306;79;94.40529807828703;-25.709005573512226;94.61606139884069;-25.518962009942413
5306;83;95.51456006522189;-25.544052175414933;95.72417568874113;-25.354793445299233
5306;84;95.33012056863042;-25.544152533538753;95.53946457493848;-25.355153274004735
5306;85;95.1454053606441;-25.544152538687328;95.35474936622688;-25.355153192331027
5306;86;94.96069424884654;-25.54405210333565;95.17030996876588;-25.354793287063234
5306;87;94.77599107229777;-25.543719991673463;94.98589380479174;-25.354203712708003
5306;88;94.59129966906846;-25.543156230914125;94.80148502864235;-25.353384517509067
5306;89;94.40662387576124;-25.542360867248014;94.61708746014668;-25.352335768489624
5306;92;95.69847332209945;-25.37707347251437;95.90807861396179;-25.187574993644994
5306;93;95.51431729683199;-25.37740300897214;95.72363637217342;-25.18816002197315
5306;94;95.33013801161123;-25.37750261207259;95.53918622999659;-25.188517122492613
5306;95;95.14568379258033;-25.377502617182444;95.35473201024348;-25.18851704143817
5306;96;94.9612336524001;-25.37740293743514;95.17055282387268;-25.188159864936882
5306;97;94.77679141388235;-25.377073324336354;94.98639680042312;-25.187574760639727
5306;98;94.59236089885646;-25.376513804864704;94.80224813357864;-25.18676177637118
5306;99;94.40794592769406;-25.375724424812173;94.6181106270295;-25.185720978571933
5525;0;94.77845225125544;-25.38803085063679;94.98856733428285;-25.19802643184328
5525;1;94.5942881902547;-25.38882052383261;94.8041415210247;-25.199067824052133
5525;2;94.41011296539817;-25.389380228749236;94.61970016243572;-25.199881255983815
5525;3;94.22593038202201;-25.389709919579875;94.43524707956159;-25.200466661150248
5525;10;94.77748626866212;-25.221406908133844;94.98731936570796;-25.03139840353206
5525;11;94.59356775581941;-25.22219072116217;94.80313977545873;-25.032432004768275
5525;12;94.40963812372138;-25.222746272463727;94.61894470207059;-25.03323935108048
5525;13;94.22570116250363;-25.22307351661562;94.43473795130708;-25.03382037654232
5525;20;94.77652285877073;-25.054771495354373;94.98607472552094;-24.86476209595807
5525;21;94.59284924025306;-25.05554944994161;94.80214070184475;-24.865787908870242
5525;22;94.40916454684341;-25.056100848852115;94.61819125689028;-24.86658917163253
5525;23;94.22547255355744;-25.05642564704638;94.4342301812203;-24.86716581887958
5525;24;94.04175847682723;-25.056523817991646;94.25026126683588;-24.867517803562677
5525;30;94.77556201131767;-24.888127430444772;94.98483340042526;-24.698120327891747
5525;31;94.59213263589983;-24.888899528551928;94.80114428950725;-24.699138355440734
5525;32;94.40869222971759;-24.88944677646166;94.61743981884254;-24.69993353696658
5525;33;94.22524455274711;-24.889769129517365;94.43372376387394;-24.700505807664186
5525;40;94.77460371609386;-24.72147753242871;94.98359537719509;-24.531475918656533
5525;41;94.59141793514443;-24.72224377625157;94.80015052782754;-24.53248616411561
5525;42;94.40822116732411;-24.722786874717222;94.61669037991801;-24.53327526696254
5525;43;94.2250171576493;-24.723106783551493;94.43321869386955;-24.5338431629517
5525;50;94.77364796294437;-24.55482462092147;94.98236064267489;-24.36483168784282
5525;51;94.59070513041208;-24.555585012890717;94.79915940624336;-24.365834154797838
5525;52;94.40775135466978;-24.556123963635496;94.61594293214979;-24.366617181767527
5525;60;94.77269474176805;-24.388171515843396;94.98112918377886;-24.19819045502161
5525;61;94.58999421416803;-24.38892605862474;94.79817091424844;-24.199185147371065
5526;4;95.66334720916608;-25.389809569339835;95.87240771652745;-25.200823991694588
5526;5;95.47888214693715;-25.389809574452084;95.68794265357619;-25.20082391058794
5526;6;95.29442116427825;-25.389709848009364;95.50373795270991;-25.20046650401282
5526;7;95.10996808467534;-25.38938008050181;95.31955537115243;-25.19988102282845
5526;8;94.92552673063165;-25.388820298920418;95.13538014938325;-25.199067514897887
5526;9;94.74110092319226;-25.38803054907823;94.95121609273819;-25.198026046715437
5526;14;95.6633636757719;-25.22317242685922;95.8721449520014;-25.034175033701267
5526;15;95.47914499358801;-25.223172431933538;95.68792626909807;-25.034174953201425
5526;16;95.29493037464958;-25.223073445576226;95.50396725410556;-25.03382022058052
5526;17;95.11072362714421;-25.22274612531645;95.32003029469921;-25.033239119669467
5526;18;94.92652855828317;-25.222190497919062;95.13610066567624;-25.032431697926945
5526;19;94.74234897382941;-25.22140660881313;94.95218215717176;-25.031398021285458
5526;24;95.66338009844893;-25.056523817991646;95.87188288845758;-24.867517803562677
5526;25;95.47940713903756;-25.056523823028;95.68790992832966;-24.867517723669426
5526;26;95.29543822663415;-25.056425576537965;95.50419594471093;-24.867165664093008
5526;27;95.11147715420928;-25.056100702804688;95.32050395322914;-24.86658894196525
5526;28;94.92752771376384;-25.055549228367102;95.13681926288226;-24.86578760434101
5526;29;94.74359369585993;-25.054771198270853;94.95314564868552;-24.864761716591723
5526;34;95.66339647737269;-24.88986656141187;95.87162152309466;-24.700855120888136
5526;35;95.47966858608801;-24.889866566410337;95.68789363109627;-24.700855041601244
5526;36;95.29594472566012;-24.88976905953976;95.5044240269632;-24.70050565405239
5526;37;95.11222867392368;-24.88944663151369;95.32097635178972;-24.699933309042393
5526;38;94.92852420775;-24.888899308645435;95.13753594865803;-24.699138053222736
5526;39;94.74483510258128;-24.888127135597703;94.95410657754391;-24.698119951404568
5526;45;95.47992933752658;-24.723203481632996;95.68787737722418;-24.534189727159625
5526;46;95.29644987712685;-24.723106714104468;95.50465150328662;-24.533843010514193
5526;47;95.11297819429768;-24.722786730868314;95.32144749540164;-24.533275040780712
5526;48;94.92951805086128;-24.722243558012494;95.1382507306197;-24.53248586420787
5526;49;94.74607320722006;-24.72147723981726;94.9550649539569;-24.531475545047304
5526;55;95.48018939612575;-24.556537388840457;95.68786116654056;-24.36752460077463
5526;56;95.2969536864049;-24.556441360346874;95.50487837609253;-24.3671805538012
5526;57;95.11372572329897;-24.556123820885187;95.32191738905895;-24.366616957327246
5526;58;94.93050925366074;-24.555584796318353;95.13896361634298;-24.36583385719929
5526;59;94.74730802293278;-24.554824330544694;94.95602078808027;-24.364831317110212
5526;67;95.11447126885297;-24.389460721886227;95.3223860377292;-24.199961878809795
5526;68;94.9314978266555;-24.388925843718344;95.13967461336343;-24.199184852080553
5526;69;94.74853956280604;-24.38817122770028;94.95697409001605;-24.1981900871642
7610;50;106.10704715875887;-11.167367852043173;106.2999817337135;-10.97801284069319
7610;51;105.93729150962636;-11.167696407721383;106.13012926474525;-10.978442225769454
7610;52;105.76752711749278;-11.167929280487714;105.9602646526426;-10.978777616533286
7610;60;106.10666457328577;-11.000712899051473;106.2994883104553;-10.811368552430265
7610;61;105.93700617857874;-11.001036425645175;106.12973319908457;-10.811791249750103
7610;62;105.76733905589037;-11.00126573390433;105.95996596545193;-10.81212141672318
7610;63;105.59766618034693;-11.001400806149038;105.79018958941857;-10.812359027909023
7610;70;106.10628242596626;-10.834060577962186;106.29899545260331;-10.644730090562376
7610;71;105.93672117432435;-10.834379075916416;106.12933758730586;-10.645146101087313
7610;72;105.76715120968646;-10.83460481998384;105.9596676205712;-10.645471045020757
7610;73;105.59757550207134;-10.834737792766482;105.78998852714273;-10.645704897335209
7610;80;106.10590071604811;-10.667413708424174;106.29850315918627;-10.478100273725351
7610;81;105.93643649630214;-10.667727178429299;106.1289424286294;-10.478509598743013
7610;82;105.76696357851121;-10.667949358794376;105.9593696174123;-10.478829320642713
7610;83;105.59748492759829;-10.668080232403183;105.78978769517236;-10.479059414809724
7610;84;105.42799615660827;-10.668119789172726;105.62019963250447;-10.479199863527155
7610;90;106.10551944278085;-10.500775109532855;106.29801142923523;-10.311481919677439
7610;91;105.93615214395226;-10.50108355252447;106.12854772227723;-10.311884560801452
7610;92;105.76677616199562;-10.501302169850355;105.9590719553885;-10.312199061927906
7610;93;105.59739445674968;-10.50143094467604;105.78958709311203;-10.312425398854723
7611;56;106.59448973031336;-11.168066422602575;106.78712368520958;-10.979018922341357
7611;57;106.42461596262224;-11.167929218807494;106.61735353174474;-10.978777520399934
7611;58;106.2547513540701;-11.167696314143457;106.447589142029;-10.978442098299954
7611;59;106.08489888964719;-11.167367726574756;106.27783349630768;-10.978012681897368
7611;65;106.76447359181064;-11.001441634058635;106.9568974847237;-10.812504032075985
7611;66;106.59469105575786;-11.001400776827078;106.78721449989384;-10.812358964128352
7611;67;106.42491468227531;-11.001265673168223;106.61754162577222;-10.812121322087123
7611;68;106.25514745218705;-11.001036333499622;106.44787450549758;-10.811791124265966
7611;69;106.08539234535387;-11.000712775503558;106.27821611419587;-10.81136839610772
7611;75;106.76457739332746;-10.834777986077158;106.9568910142945;-10.645847607617021
7611;76;106.59489215046328;-10.834737763900272;106.78730521055984;-10.64570483456351
7611;77;106.42521305958127;-10.834604760191791;106.61772950436409;-10.645470951881789
7611;78;106.25554309638487;-10.834378985203097;106.44815954213576;-10.645145977588266
7611;79;106.08588523561717;-10.834060456334596;106.27859829389331;-10.644729936712753
7611;85;106.7646810759422;-10.668119791202072;106.95688455127708;-10.47919983164821
7611;86;106.59509301482609;-10.668080203992687;106.78739581738618;-10.47905935304681
7611;87;106.42551109512821;-10.667949299946203;106.6179171678902;-10.478829229000555
7611;88;106.25593828744333;-10.667727089148025;106.44844425250471;-10.478509477228659
7611;89;106.08637756140843;-10.667413588716657;106.27898003615238;-10.478100122348149
7611;95;106.7647846398591;-10.501469869081246;106.95687809565874;-10.31256352280354
7611;96;106.5952936492418;-10.50143091672115;106.7874863205511;-10.31242533810034
7611;97;106.42580878950301;-10.501302111945929;106.61810461671966;-10.31219897178218
7611;98;106.25633302614044;-10.501083464674965;106.44872863716432;-10.3118844412713
7611;99;106.08686932369663;-10.500774991745038;106.27936134172356;-10.311481770772083
7849;0;105.66624370165852;-10.51308129405498;105.85867805713796;-10.323787394255051
7849;1;105.49686247177416;-10.513390080121534;105.68921490820725;-10.324190561229225
7849;10;105.66591304257084;-10.346455367210323;105.85825167773173;-10.157156084707315
7849;11;105.49661586732651;-10.346759173758885;105.6888726580652;-10.157552627873738
7849;20;105.66558271152012;-10.179817975914707;105.85782572152392;-9.990516505515698
7849;21;105.49636950754237;-10.180116802086522;105.68853074764704;-9.990906424101995
7849;30;105.66525270801847;-10.013171938290448;105.85740018788482;-9.823871475410975
7850;2;106.82747255661874;-10.513608940610107;107.01973969946494;-10.324505473098537
7850;3;106.65807691676137;-10.513737858668474;106.85025539542478;-10.324732105626534
7850;4;106.48867213796794;-10.51377682436915;106.68076496155523;-10.324870441368525
7850;5;106.31917854094158;-10.513776826368185;106.51127136396853;-10.324870409969213
7850;6;106.14968810862113;-10.513737830682501;106.3418666174004;-10.324732044792803
7850;7;105.98020380711864;-10.513608882641272;106.17247097895788;-10.32450538283507
7850;8;105.81072860190247;-10.513389992174313;106.00308106620433;-10.324190441542967
7850;9;105.64126545748591;-10.513081176136152;105.83369983970866;-10.32378724515523
7850;12;106.82731001973605;-10.34697450487454;107.01948159654228;-10.157862365907588
7850;13;106.65799845596335;-10.347101343981617;106.85008145326412;-10.158085274977765
7850;14;106.48867776369654;-10.347139681315463;106.68067518928427;-10.158221337931316
7850;15;106.3192683412702;-10.347139683282258;106.51126576629841;-10.15822130704788
7850;16;106.14986207883715;-10.347101316446931;106.3419451062247;-10.158085215143506
7850;17;105.9804619380929;-10.346974447840507;106.17263354386475;-10.157862277127116
7850;18;105.81107088009085;-10.34675908722992;106.00332769867262;-10.157552510153877
7850;19;105.64169186493174;-10.346455251193056;105.8340305268119;-10.15715593805712
7850;23;106.65792007301386;-10.18045336301781;106.84990768378022;-9.991430172875233
7850;24;106.48868338384015;-10.180491071876487;106.68058550613493;-9.991563962775304
7850;25;106.31935805244933;-10.180491073811012;106.51126017418545;-9.991563932407798
7850;26;106.15003587634857;-10.180453335934505;106.34202351717269;-9.991430114040554
7850;27;105.98071981282555;-10.180328547121542;106.17279594747933;-9.991210900399746
7850;28;105.8114128185275;-10.180116716976054;106.00357408644958;-9.990906308348737
7850;29;105.64211784915133;-10.179817861799336;105.8343608858504;-9.99051636131541
7850;34;106.48868899840706;-10.013833814726997;106.68049591197459;-9.824901135508053
7850;35;106.31944767461168;-10.013833816629298;106.51125458762137;-9.824901105656503
7850;36;106.15020950141242;-10.013796707789055;106.34210185036018;-9.824769560979457
7850;37;105.98097743169795;-10.013673999025725;106.17295819004158;-9.824554071965002
7850;38;105.811754417718;-10.013465699780234;106.00382022989913;-9.824254655184621
7850;39;105.64254341077446;-10.013171826077217;105.83469091731209;-9.823871333660767
7850;46;106.15038295428526;-9.84713425153209;106.34218010590281;-9.658106376009158
10221;90;37.848984361096875;5.861527609325718;38.03907605021544;6.050625260931488
10222;97;38.163752856647136;5.861932252150866;38.35376653182902;6.050926611097392
10222;98;37.99618894783203;5.861754758132127;38.18624326347718;6.050801584404192
10222;99;37.828636696335785;5.861527525296224;38.018728397373664;6.05062519357811
10463;0;38.003257124976244;5.8492220570106594;38.19340907412586;6.038319088246844
10463;1;37.835753169027655;5.84944877336697;38.02585339918335;6.038495115752409
10463;10;38.00348173910945;6.015840867020762;38.19369860872091;6.204957963034952
10463;11;37.83592068528774;6.016074106604123;38.026085805073784;6.205138896542099
10463;12;37.6683512232208;6.016256288831446;37.858461332419516;6.205267137995567
10463;20;38.00370650643631;6.182471139513175;38.19398834084641;6.371605107912086
10463;21;37.83608831580569;6.182710903712189;38.026318369531914;6.371790948186866
10463;22;37.66846170832468;6.182898182288153;37.858636717264396;6.3719226674453555
10463;23;37.500829553074965;6.1830329609287755;37.690946255450655;6.37200025561682
10463;24;37.33319038744231;6.183115229332509;37.52324985640272;6.372023706768595
10463;25;37.16549092462544;6.18311521065931;37.35555039304311;6.372023707971692
10463;26;36.99779452707794;6.18303292475089;37.18791124943232;6.372000238773724
10463;30;38.003931427113564;6.349110056730448;38.19427827070453;6.538257703783354
10463;31;37.83625606069847;6.349356346607339;38.02655109272005;6.538448451346183
10463;32;37.66857226881602;6.349548722361689;37.85881222182035;6.538583648778653
10463;33;37.500882923484895;6.349687169287869;37.69106453235203;6.538663285741521
10463;34;37.3331865620716;6.349771676801247;37.523310899568514;6.5386873561439804
10463;35;37.16542986238105;6.349771657619806;37.355554199334655;6.538687357378849
10463;36;36.99767623109951;6.349687132125321;37.1878578599584;6.538663268453659
10463;37;36.82992854409166;6.349548667220869;37.02016851599983;6.538583612969384
10463;40;38.0041565012982;6.515754800037904;38.19456839849779;6.70491293100056
10463;41;37.836423920083135;6.516007616328329;38.02678397480073;6.705108586126237
10463;42;37.668682904772;6.516205089835722;37.85898784620996;6.705247261927459
10463;43;37.50093633032448;6.5163472054610665;37.691182890015874;6.70532894779647
10463;44;37.333182734088744;6.516433952336537;37.52337198441722;6.705353637484313
10463;45;37.16536875844069;6.516433932646812;37.35555800822534;6.705353638750944
10463;46;36.99755785434557;6.516347167313757;37.18780443404185;6.705328930063817
10463;47;36.829752900614466;6.51620503323374;37.02005786096826;6.705247225196878
10463;50;38.00438172914746;6.682402550209288;38.19485872442891;6.871567969648263
10463;51;37.83659189407695;6.682661893322228;38.02701701593677;6.87176853236589
10463;52;37.66879361626991;6.682864464902159;37.85916359055603;6.8719106865564825
10463;53;37.50098977363098;6.683010249456597;37.69130132852492;6.87199442134379
10463;54;37.33317890349105;6.683099235834536;37.523433110991604;6.872019730320691
10463;55;37.16530761276166;6.683099215636494;37.355561819717806;6.87201973161909
10463;56;36.997439396733405;6.683010210324454;37.18775097164532;6.871994403166366
10463;57;36.8295771371678;6.682864406838906;37.01994713038173;6.871910648904591
10463;60;38.0046071108187;6.8490504877131775;38.19514924870091;7.0382199998302
10463;61;37.83675998279737;6.849316357730882;38.02725021629114;7.038425469923186
10463;62;37.668904403387145;6.8495240274476075;37.859339454981466;7.038571102349639
10463;63;37.50104325344178;6.8496734809774;37.69141984796204;7.03865688596481
10463;64;37.33317507027585;6.849764706886031;37.52349427933437;7.038682814203431
10463;65;37.16524642530116;6.849764686179678;37.355565633814734;7.038682815533601
10463;66;36.99732085818012;6.849673440860413;37.18769747273145;7.0386568673426035
10463;67;36.8294012536287;6.8495239679230755;37.019836324162824;7.038571063776486
10463;70;38.00483264646958;7.0156957929991055;38.195439971517125;7.204866201955489
10463;71;37.836928186361895;7.015968189677088;38.02748357602706;7.205076578961602
10463;72;37.669015266201235;7.016180957339645;37.85951543960941;7.205225689296266
10463;73;37.501096769794316;7.016334079707348;37.691538448410185;7.205313521546334
10463;74;37.33317123444045;7.016427545062785;37.523555489488395;7.205340068988331
10463;75;37.16518519601635;7.016427523848111;37.355569450518786;7.205340070350266
10463;76;36.99720223860272;7.016334038605568;37.1876439372628;7.205313502479406
10463;80;38.00505833625794;7.182335646783763;38.195730893081084;7.371503757024846
10463;81;37.837096504888315;7.182614569550875;38.02771709530798;7.371719040236306
10463;82;37.66912620478973;7.182832434713097;37.85969154456312;7.371871627977514
10463;83;37.50115032272604;7.182989225597608;37.69165712995247;7.371961508566924
10463;84;37.333167395982166;7.1830849302038695;37.52361674149654;7.371988675122994
10463;85;37.16512392486434;7.183084908480932;37.35557326983264;7.371988676516675
10463;86;36.99708353791812;7.182989183511095;37.187590365201906;7.371961489055351
10463;90;38.00528418034182;7.348967230337217;38.196022013596696;7.538129846916703
10463;91;37.837264938494506;7.3492526782956915;38.02795077429755;7.538350035380262
10463;92;37.6692372192304;7.349475640256321;37.85986776996603;7.538506099852363
10463;93;37.50120391227446;7.349636099152967;37.69177589267206;7.538598028383126
10463;94;37.333163554898306;7.34973404270195;37.52367803540175;7.538625813932952
10463;95;37.16506261180217;7.3497340204708195;37.355577091758974;7.5386258153584045
10463;96;36.99696475604311;7.3496360560818585;37.18753675651123;7.538598008426953
10464;8;38.15666336093153;5.849448706062808;38.346763608869736;6.038495065616956
10464;9;37.98910769035243;5.8492219731660535;38.17925965619837;6.0383190210256625
10464;16;38.49168867597345;6.016387364590306;38.68174053611076;6.205342661194502
10464;17;38.324055405238454;6.016256236612416;38.51416553331709;6.205267104028682
10464;18;38.15643093599603;6.016074037363434;38.34659607357543;6.205138845009362
10464;19;37.98881813671679;6.0158407807637175;38.1790350230343;6.2049578939402705
10464;26;38.49157046068784;6.18303292475089;38.681687183042214;6.372000238773724
10464;27;38.32388000133206;6.182898128608346;38.51405502916363;6.371922632557338
10464;28;38.15619835247987;6.182710832534573;38.34642842401026;6.371790895256596
10464;29;37.98852838553773;6.1824710508431755;38.17881023666361;6.371605036943614
10464;36;38.49145216470941;6.349687132125321;38.681633793568295;6.538663268453659
10464;37;38.323704477701554;6.349548667220869;38.513944449609724;6.538583612969384
10464;38;38.15596561022069;6.349356273492468;38.34626066005731;6.538448397018236
10464;39;37.98823843661302;6.349109965647123;38.17858529692951;6.538257630940893
10464;46;38.49133378795547;6.516347167313757;38.68158036765175;6.705328930063817
10464;47;38.32352883422436;6.51620503323374;38.513833794578154;6.705247225196878
10464;48;38.15573270905592;6.516007541276002;38.34609278159943;6.705108530400542
10464;49;37.98794828974018;6.515754706540965;38.17836020367502;6.704912856284008
10464;55;38.659083546371555;6.683099215636494;38.8493377533277;6.87201973161909
10464;56;38.4912153303433;6.683010210324454;38.68152690525522;6.871994403166366
10464;57;38.3233530707777;6.682864406838906;38.51372306399163;6.871910648904591
10464;58;38.15549964882279;6.682661816332311;38.34592478851938;6.871768475242435
10464;59;37.98765794471647;6.682402454298591;38.178134956742944;6.871567893057608
10464;65;38.65902235891106;6.849764686179678;38.84934156742463;7.038682815533601
10464;66;38.491096791790014;6.849673440860413;38.68147340634135;7.0386568673426035
10464;67;38.3231771872386;6.8495239679230755;38.51361225777272;7.038571063776486
10464;68;38.15526642935829;6.849316278803357;38.34575668069974;7.0384254114020175
10464;69;37.98736740133884;6.849050389388689;38.17790955597581;7.03821992136551
10464;74;38.826947168050346;7.016427545062785;39.01733142309829;7.205340068988331
10464;75;38.65896112962625;7.016427523848111;38.84934538412868;7.205340070350266
10464;76;38.490978172212614;7.016334038605568;38.681419870872695;7.205313502479406
10464;77;38.32300118348395;7.016180896353875;38.513501375843965;7.205225649801927
10464;78;38.15503305049919;7.01596810881203;38.345588458022895;7.205076519042876
10464;79;37.98707665940393;7.01569569226092;38.17768400121601;7.204866121616975
10464;84;38.82694332959206;7.1830849302038695;39.017392675106436;7.371988675122994
10464;85;38.658899858474236;7.183084908480932;38.849349203442536;7.371988676516675
10464;86;38.49085947152802;7.182989183511095;38.6813662988118;7.371961489055351
10464;87;38.32282505939047;7.182832372266233;38.513390418127685;7.371871587562137
10464;88;38.154799512082;7.182614486748438;38.34542012037112;7.371718978920211
10464;89;37.986785718708184;7.18233554363209;38.17745829230568;7.371503674812757
10464;94;38.8269394885082;7.34973404270195;39.01745396901165;7.538625813932952
10464;95;38.65883854541207;7.3497340204708195;38.84935302536887;7.5386258153584045
10464;96;38.49074068965301;7.3496360560818585;38.681312690121125;7.538598008426953
10464;97;38.32264881483468;7.3494755763485795;38.51327938454618;7.538506058516113
10464;98;38.15456581394306;7.3492525935561615;38.34525166762648;7.538349972667074
10464;99;37.986494579047736;7.3489671247723924;38.177232429086736;7.538129762831406
10704;0;38.160839044431626;7.336661700274935;38.35163623892957;7.52582367076036
10704;1;37.992831698229715;7.33694664041505;38.18356252029257;7.526043514563496
10704;2;37.82481587641164;7.337169205718886;38.015477036102425;7.526199334749072
10704;3;37.65679446808864;7.337329379152456;37.84738267855707;7.526291119385117
10704;4;37.48876504885729;7.337427148455225;37.67928234077063;7.526318861442568
10704;5;37.32066162510842;7.337427126263637;37.511178916475096;7.526318862865777
10704;6;37.1525612888333;7.337329336157981;37.343149524165376;7.526291099460184
10704;7;36.98446693376369;7.337169141924796;37.17512811722309;7.5261992934775135
10704;10;38.16111493610847;7.503280386149465;38.35199193340784;7.692462470630901
10704;11;37.993037457136225;7.503571893673796;38.1838480320548;7.692687253684401
10704;12;37.82495149192819;7.50379958873612;38.01569235040117;7.692846574699861
10704;13;37.656859933215145;7.50396345390406;37.847527784269175;7.69294042147325
10704;14;37.48876035577493;7.504063476630319;37.67935723039914;7.69296878681534
10704;15;37.3205867120737;7.504063453927254;37.511183586150565;7.692968788270529
10704;16;37.15241615971688;7.503963409918642;37.343084035654655;7.69294040110065
10704;17;36.98425159606373;7.503799523471706;37.17499247832405;7.6928465325010364
10704;20;38.16139105823364;7.669910534364546;38.35234792510711;7.859109540504869
10704;21;37.993243387920344;7.67020861071212;38.18413378241161;7.859339263612768
10704;22;37.825087220733856;7.670441436657052;38.0159078446434;7.859502086027942
10704;23;37.656925453030595;7.670608994368397;37.847673011255075;7.859597995274407
10704;24;37.48875565877012;7.670711271011975;37.67943218261922;7.859626984002586
10704;25;37.32051173642785;7.670711247797325;37.51118825972892;7.859626985489772
10704;26;37.152270909307106;7.670608949391803;37.34301849243544;7.859597974454109
10704;27;36.98403607840075;7.6704413699219645;37.174856726116346;7.859502042901736
10704;32;37.82522306297068;7.837091931142789;38.01612351905479;8.026163049218816
10704;33;37.656991027603546;7.837263182023108;37.84781835966686;8.026261021171536
10704;34;37.48875095783795;7.837367712965904;37.679507197509395;8.026290633356286
10704;35;37.32043669809234;7.837367689239562;37.511192937215036;8.026290634875458
10705;5;38.82066162510842;7.337427126263637;39.011178916475096;7.526318862865777
10705;6;38.6525612888333;7.337329336157981;38.843149524165376;7.526291099460184
10705;7;38.48446693376369;7.337169141924796;38.67512811722309;7.5261992934775135
10705;8;38.31638145301363;7.3369465558262705;38.50711229774893;7.52604345194846
10705;9;38.14830773878064;7.336661594897924;38.33910495485387;7.525823586806668
10705;16;38.65241615971688;7.503963409918642;38.843084035654655;7.69294040110065
10705;17;38.48425159606373;7.503799523471706;38.67499247832405;7.6928465325010364
10705;18;38.31609591785449;7.503571807135383;38.506906515462845;7.692687189662607
10705;19;38.147952020910985;7.503280278343688;38.338829039801624;7.692462384791015
10705;27;38.48403607840075;7.6704413699219645;38.674856726116346;7.859502042901736
10705;28;38.31581014408125;7.670208522223651;38.506700561279644;7.859339198183964
10705;29;38.14759600580081;7.669910424129465;38.33855289428152;7.859109452778481
